{"cameraMode":{"drawMode":0,"name":"Shaded","section":"Shading Mode"},"sceneLighting":false,"audioPlay":false,"sceneViewState":{"showFog":true,"showMaterialUpdate":false,"showSkybox":false,"showFlares":true,"showImageEffects":true,"showParticleSystems":true},"in2DMode":false,"pivot":{"x":-10.721345901489258,"y":2.6805663108825685,"z":0.8920383453369141},"rotation":{"x":-0.05492481216788292,"y":0.8673437237739563,"z":-0.09826190024614334,"w":-0.4848135709762573},"size":24.72897720336914,"orthographic":false}