{"cameraMode":{"drawMode":0,"name":"Shaded","section":"Shading Mode"},"sceneLighting":false,"audioPlay":false,"sceneViewState":{"showFog":true,"showMaterialUpdate":false,"showSkybox":false,"showFlares":true,"showImageEffects":true,"showParticleSystems":true},"in2DMode":false,"pivot":{"x":-3.8970000743865969,"y":1.2007999420166016,"z":0.4860999584197998},"rotation":{"x":0.10192824900150299,"y":-0.6961965560913086,"z":0.10146935284137726,"w":0.7034304141998291},"size":0.08573666214942932,"orthographic":false}