{"cameraMode":{"drawMode":0,"name":"Shaded","section":"Shading Mode"},"sceneLighting":true,"audioPlay":false,"sceneViewState":{"showFog":true,"showMaterialUpdate":false,"showSkybox":true,"showFlares":true,"showImageEffects":true,"showParticleSystems":true},"in2DMode":false,"pivot":{"x":17.830820083618165,"y":-9.664255142211914,"z":4.392177581787109},"rotation":{"x":-0.0668674036860466,"y":-0.9090208411216736,"z":0.15844382345676423,"w":-0.3799697160720825},"size":41.867122650146487,"orthographic":false}